HourOfDay,AverageTripDurationInMinutes
0,14.0179114881
1,13.9758784981
2,13.9570781853
3,13.202389251
4,12.7533436511
5,13.2755832212
6,12.4874202376
7,13.3950064185
8,14.6275045434
9,14.6701064198
10,14.6579391697
11,14.9358212219
12,15.1308813229
13,15.5539187332
14,16.5231383808
15,30.2234986321
16,17.2130720694
17,16.5108256544
18,15.2904537486
19,14.221208806
20,13.5758996364
21,13.5108553274
22,14.2317976256
23,13.9585643942
