AverageSpeed,Vendor,TripID
44300.2065476,2,292058461054
19676.9445356,2,292057869323
8462.97676845,2,369367777958
8300.93428782,2,317828383378
6497.81961673,2,352188042892
